<?xml version="1.0" encoding="UTF-8"?>
<con:config xmlns:con="http://www.sourceid.org/2004/05/config">
    <con:item name="AutoCreateCertOnEngineNode">true</con:item>
    <con:list name="ActiveServerAliases">
        <con:ListItem>wh6f2f7sf98lyqlp9f6zal63s</con:ListItem>
        <con:ListItem>t9vezrmnn5ntdoq6bzfzbtg0j</con:ListItem>
    </con:list>
    <con:list name="ActiveAdminServerAliases">
        <con:ListItem>wh6f2f7sf98lyqlp9f6zal63s</con:ListItem>
        <con:ListItem>t9vezrmnn5ntdoq6bzfzbtg0j</con:ListItem>
    </con:list>
    <con:item name="DefaultActiveServerAlias">wh6f2f7sf98lyqlp9f6zal63s</con:item>
    <con:item name="DefaultActiveAdminServerAlias">wh6f2f7sf98lyqlp9f6zal63s</con:item>
</con:config>