<?xml version="1.0" encoding="UTF-8"?>
<con:config xmlns:con="http://www.sourceid.org/2004/05/config">
    <con:item name="ApplicationDockEndpoint">https://desktop.pingone.com/cd-1313955761.pingidentity</con:item>
    <con:item name="ProvisioningBaseUrl">https://scim.connect.pingidentity.com/prov-service</con:item>
    <con:item name="KeyPairAlias">9lirugrwx690dy0bjlvhy3g8f</con:item>
    <con:item name="ClientId">a2afeae4-0844-44ab-91bf-7853f0a36b9e</con:item>
    <con:item name="AccountId">47e28617-4a90-40e3-99cd-6242f966b3dc</con:item>
    <con:item name="CompanyName">msmith+demo@pingidentity.com</con:item>
    <con:item name="Associated">true</con:item>
</con:config>