<?xml version="1.0" encoding="UTF-8"?>
<urn:AdapterConfiguration authnCtxClassRef="" isInheritAttributeSettings="false" isInheritAttributeMapping="false" maskOgnlValues="false" isInheritExtendedContractAttributes="false" name="RefID" xmlns:urn="urn:sourceid.org:saml2:adapter:conf">
    <urn:Fields>
        <urn:Field name="Authentication Endpoint">https://cusmorg.ping-eng.com:9031/AgentlessIdPSample/app</urn:Field>
        <urn:Field name="User Name">idpUser</urn:Field>
        <urn:Field name="Pass Phrase">eyJhbGciOiJkaXIiLCJlbmMiOiJBMTI4Q0JDLUhTMjU2Iiwia2lkIjoiRW1JY1UxOVdueSIsInZlcnNpb24iOiIxMC4wLjAuMTUifQ..duA0u6LYUaEmgEhSnHtjjw.suGCXYtH6xkum53MYM7L2Q.8u6RAHyP-DCNEYF81B2-aA</urn:Field>
        <urn:Field name="Allowed Subject DN"/>
        <urn:Field name="Allowed Issuer DN"/>
        <urn:Field name="Logout Service Endpoint"/>
        <urn:Field name="Prefix Referenced Attributes">true</urn:Field>
        <urn:Field name="Ignore Untracked HTTP Parameters">true</urn:Field>
        <urn:Field name="Transport Mode">2</urn:Field>
        <urn:Field name="Reference Duration">3</urn:Field>
        <urn:Field name="Reference Length">30</urn:Field>
        <urn:Field name="Require SSL/TLS">true</urn:Field>
        <urn:Field name="Outgoing Attribute Format">JSON</urn:Field>
        <urn:Field name="Incoming Attribute Format">JSON</urn:Field>
        <urn:Field name="Logout Mode">FRONT</urn:Field>
        <urn:Field name="Skip Host Name Validation ">false</urn:Field>
    </urn:Fields>
    <urn:AdvancedFields>
        <urn:Field name="Prefix Referenced Attributes">true</urn:Field>
        <urn:Field name="Ignore Untracked HTTP Parameters">true</urn:Field>
        <urn:Field name="Transport Mode">2</urn:Field>
        <urn:Field name="Reference Duration">3</urn:Field>
        <urn:Field name="Reference Length">30</urn:Field>
        <urn:Field name="Require SSL/TLS">true</urn:Field>
        <urn:Field name="Outgoing Attribute Format">JSON</urn:Field>
        <urn:Field name="Incoming Attribute Format">JSON</urn:Field>
        <urn:Field name="Logout Mode">FRONT</urn:Field>
        <urn:Field name="Skip Host Name Validation ">false</urn:Field>
    </urn:AdvancedFields>
    <urn:Tables/>
    <urn:ExtendedContractAttributes>
        <urn:AttributeName>lastName</urn:AttributeName>
        <urn:AttributeName>firstName</urn:AttributeName>
        <urn:AttributeName>groups</urn:AttributeName>
        <urn:AttributeName>status</urn:AttributeName>
    </urn:ExtendedContractAttributes>
    <urn:UniqueKeyField>subject</urn:UniqueKeyField>
    <urn:AttributeMapping>
        <urn1:AttributeMap Name="firstName" Type="Adapter" Value="firstName" xmlns:urn1="urn:sourceid.org:saml2:metadata-extension:v2"/>
        <urn1:AttributeMap Name="lastName" Type="Adapter" Value="lastName" xmlns:urn1="urn:sourceid.org:saml2:metadata-extension:v2"/>
        <urn1:AttributeMap Name="subject" Type="Adapter" Value="subject" xmlns:urn1="urn:sourceid.org:saml2:metadata-extension:v2"/>
        <urn1:AttributeMap Name="groups" Type="Adapter" Value="groups" xmlns:urn1="urn:sourceid.org:saml2:metadata-extension:v2"/>
        <urn1:AttributeMap Name="status" Type="Adapter" Value="status" xmlns:urn1="urn:sourceid.org:saml2:metadata-extension:v2"/>
        <urn1:TokenAuthorizationIssuanceCriteria xmlns:urn1="urn:sourceid.org:saml2:metadata-extension:v2"/>
    </urn:AttributeMapping>
</urn:AdapterConfiguration>