<?xml version="1.0" encoding="UTF-8"?>
<urn:AuthnSelectionConfig lastModifiedMillis="1584574343412" enableAuthnSelection="true" enableSpAuthnSelection="false" failIfNoSelection="false" xmlns:urn="urn:pingidentity.com:pf:authn-selection">
    <urn:AuthnSelectionTrees>
        <urn:AuthnSelectionTree treeName="MFA" disabled="false" authnApiApp="">
            <urn:AstRoot context="">
                <urn:AstAction xsi:type="urn:AuthnSourceActionType" xmlns:xsi="http://www.w3.org/2001/XMLSchema-instance">
                    <urn:AuthnSourceKey type="ADAPTER">HTMLFormPD</urn:AuthnSourceKey>
                    <urn:fallbackToSuccess>true</urn:fallbackToSuccess>
                </urn:AstAction>
                <urn:AstChild context="Fail">
                    <urn:AstAction noOpType="DONE" xsi:type="urn:NoOpActionType" xmlns:xsi="http://www.w3.org/2001/XMLSchema-instance"/>
                </urn:AstChild>
                <urn:AstChild context="Success">
                    <urn:AstAction xsi:type="urn:AuthnSourceActionType" xmlns:xsi="http://www.w3.org/2001/XMLSchema-instance">
                        <urn:AuthnSourceKey type="ADAPTER">SDK</urn:AuthnSourceKey>
                        <urn:fallbackToSuccess>true</urn:fallbackToSuccess>
                        <urn:InputIdMapping Type="Adapter" AttributeSourceId="HTMLFormPD" Value="username"/>
                    </urn:AstAction>
                    <urn:AstChild context="Fail">
                        <urn:AstAction noOpType="DONE" xsi:type="urn:NoOpActionType" xmlns:xsi="http://www.w3.org/2001/XMLSchema-instance"/>
                    </urn:AstChild>
                    <urn:AstChild context="Success">
                        <urn:AstAction lipId="RBSQIwi5KWYN9ZGK" xsi:type="urn:LocalIdentityMappingActionType" xmlns:xsi="http://www.w3.org/2001/XMLSchema-instance">
                            <urn:InboundAttributeMapping>
                                <urn1:AttributeMap Name="pf.local.identity.unique.id" Type="Adapter" AttributeSourceId="HTMLFormPD" Value="username" xmlns:urn1="urn:sourceid.org:saml2:metadata-extension:v2"/>
                                <urn1:TokenAuthorizationIssuanceCriteria xmlns:urn1="urn:sourceid.org:saml2:metadata-extension:v2"/>
                            </urn:InboundAttributeMapping>
                            <urn:OutboundAttributeMapping>
                                <urn1:AttributeMap Name="mail" Type="Local Account" AttributeSourceId="RBSQIwi5KWYN9ZGK" Value="mail" xmlns:urn1="urn:sourceid.org:saml2:metadata-extension:v2"/>
                                <urn1:AttributeMap Name="subject" Type="Adapter" AttributeSourceId="HTMLFormPD" Value="username" xmlns:urn1="urn:sourceid.org:saml2:metadata-extension:v2"/>
                                <urn1:TokenAuthorizationIssuanceCriteria xmlns:urn1="urn:sourceid.org:saml2:metadata-extension:v2"/>
                            </urn:OutboundAttributeMapping>
                        </urn:AstAction>
                    </urn:AstChild>
                </urn:AstChild>
            </urn:AstRoot>
        </urn:AuthnSelectionTree>
        <urn:AuthnSelectionTree treeName="Default AuthN Policy" disabled="false" authnApiApp="">
            <urn:AstRoot context="">
                <urn:AstAction xsi:type="urn:AuthnSourceActionType" xmlns:xsi="http://www.w3.org/2001/XMLSchema-instance">
                    <urn:AuthnSourceKey type="ADAPTER">HTMLFormPD</urn:AuthnSourceKey>
                    <urn:fallbackToSuccess>true</urn:fallbackToSuccess>
                </urn:AstAction>
                <urn:AstChild context="Fail">
                    <urn:AstAction noOpType="DONE" xsi:type="urn:NoOpActionType" xmlns:xsi="http://www.w3.org/2001/XMLSchema-instance"/>
                </urn:AstChild>
                <urn:AstChild context="Success">
                    <urn:AstAction lipId="RBSQIwi5KWYN9ZGK" xsi:type="urn:LocalIdentityMappingActionType" xmlns:xsi="http://www.w3.org/2001/XMLSchema-instance">
                        <urn:InboundAttributeMapping>
                            <urn1:AttributeMap Name="pf.local.identity.unique.id" Type="Adapter" AttributeSourceId="HTMLFormPD" Value="username" xmlns:urn1="urn:sourceid.org:saml2:metadata-extension:v2"/>
                            <urn1:TokenAuthorizationIssuanceCriteria xmlns:urn1="urn:sourceid.org:saml2:metadata-extension:v2"/>
                        </urn:InboundAttributeMapping>
                        <urn:OutboundAttributeMapping>
                            <urn1:AttributeMap Name="mail" Type="Local Account" AttributeSourceId="RBSQIwi5KWYN9ZGK" Value="mail" xmlns:urn1="urn:sourceid.org:saml2:metadata-extension:v2"/>
                            <urn1:AttributeMap Name="subject" Type="Local Account" AttributeSourceId="RBSQIwi5KWYN9ZGK" Value="entryUUID" xmlns:urn1="urn:sourceid.org:saml2:metadata-extension:v2"/>
                            <urn1:TokenAuthorizationIssuanceCriteria xmlns:urn1="urn:sourceid.org:saml2:metadata-extension:v2"/>
                        </urn:OutboundAttributeMapping>
                    </urn:AstAction>
                </urn:AstChild>
            </urn:AstRoot>
        </urn:AuthnSelectionTree>
    </urn:AuthnSelectionTrees>
    <urn:DefaultAuthnSources/>
</urn:AuthnSelectionConfig>