<?xml version="1.0" encoding="UTF-8"?>
<urn:PluginConfiguration isInheritExtendedContractAttributes="false" name="MFA" xmlns:urn="urn:sourceid.org:saml2:adapter:conf">
    <urn:Fields>
        <urn:Field name="CHECK GROUPS">false</urn:Field>
        <urn:Field name="CHECK BYPASS GROUPS">false</urn:Field>
        <urn:Field name="IF THE USER IS NOT ACTIVATED ON PINGID">register</urn:Field>
        <urn:Field name="FAIL Login if the user is not member of the ldap group">false</urn:Field>
        <urn:Field name="RADIUS Server Authentication Port">1812</urn:Field>
        <urn:Field name="Domain postfix"/>
        <urn:Field name="PingID Properties File">#Auto-Generated from PingOne, downloaded by id=[929519] email=[msmith+demo@pingidentity.com]
#Wed Mar 18 09:17:08 MDT 2020
use_base64_key=BKtxCbvKaLgR1LQAk/s/vduPG3N753RwJMkKiFQ3UNE=
use_signature=true
token=1261e25a8cc3a1fa9dfbfb4d803ee5c0
idp_url=https://idpxnyl3m.pingidentity.com/pingid
org_alias=47e28617-4a90-40e3-99cd-6242f966b3dc
admin_url=https://idpxnyl3m.pingidentity.com/pingid
authenticator_url=https://authenticator.pingone.com/pingid/ppm</urn:Field>
        <urn:Field name="Authentication During Errors">Block User</urn:Field>
        <urn:Field name="Users Without a Paired Device"/>
        <urn:Field name="LDAP Data source"/>
        <urn:Field name="Create Entry For Devices">false</urn:Field>
        <urn:Field name="Encryption Key For Devices"/>
        <urn:Field name="Search Base"/>
        <urn:Field name="Search Filter"/>
        <urn:Field name="Scope of Search"/>
        <urn:Field name="Distinguished Name Pattern"/>
        <urn:Field name="State Attribute"/>
        <urn:Field name="Server Threads"/>
        <urn:Field name="Enable RADIUS Server">true</urn:Field>
        <urn:Field name="Default Shared Secret"/>
        <urn:Field name="PingID service ID">vpn</urn:Field>
        <urn:Field name="State Encryption Key">eyJhbGciOiJkaXIiLCJlbmMiOiJBMTI4Q0JDLUhTMjU2Iiwia2lkIjoiRW1JY1UxOVdueSIsInZlcnNpb24iOiIxMC4wLjAuMTUifQ..EjGpdpYDWg9lrCxH1jczAA.XOpsk_L6clDsgsB3VcrDl7gzcUuinsqe8D32e9DCDt0CedUPLqlgimXj3AkVkERP.079VEeLFm8zJiIusFqV6Vw</urn:Field>
        <urn:Field name="State Lifetime">300</urn:Field>
        <urn:Field name="RADIUS client doesn't support challenge">false</urn:Field>
        <urn:Field name="OTP in password separator">Comma</urn:Field>
        <urn:Field name="RADIUS client password validation">false</urn:Field>
        <urn:Field name="PingID username attribute"/>
        <urn:Field name="PingId Heartbeat Timeout">30</urn:Field>
        <urn:Field name="Newline Character">None</urn:Field>
    </urn:Fields>
    <urn:AdvancedFields>
        <urn:Field name="Server Threads"/>
        <urn:Field name="Enable RADIUS Server">true</urn:Field>
        <urn:Field name="Default Shared Secret"/>
        <urn:Field name="PingID service ID">vpn</urn:Field>
        <urn:Field name="State Encryption Key">eyJhbGciOiJkaXIiLCJlbmMiOiJBMTI4Q0JDLUhTMjU2Iiwia2lkIjoiRW1JY1UxOVdueSIsInZlcnNpb24iOiIxMC4wLjAuMTUifQ..LNOofCUbpIQvsDR8-Z8UeA.EpH9I25TE29X_crD-HsbZi9XZqecUiDCMVr6psUScn1djdjCyYDHriP0hZAbmVBw.9ouc4lLOoF0kiD_Pbi6Q1g</urn:Field>
        <urn:Field name="State Lifetime">300</urn:Field>
        <urn:Field name="RADIUS client doesn't support challenge">false</urn:Field>
        <urn:Field name="OTP in password separator">Comma</urn:Field>
        <urn:Field name="RADIUS client password validation">false</urn:Field>
        <urn:Field name="PingID username attribute"/>
        <urn:Field name="PingId Heartbeat Timeout">30</urn:Field>
        <urn:Field name="Newline Character">None</urn:Field>
    </urn:AdvancedFields>
    <urn:Tables>
        <urn:Table name="RADIUS Clients">
            <urn:Row defaultRow="false">
                <urn:Field name="Client IP">10.101.63.105</urn:Field>
                <urn:Field name="Client Shared Secret">eyJhbGciOiJkaXIiLCJlbmMiOiJBMTI4Q0JDLUhTMjU2Iiwia2lkIjoiRW1JY1UxOVdueSIsInZlcnNpb24iOiIxMC4wLjAuMTUifQ..zwspxXmc9vZc2GhKjhKsdQ.bv4FJmqQYspeUIrKsqDBnw.BNEgI4x49tdjnsEYLr3J9g</urn:Field>
            </urn:Row>
        </urn:Table>
        <urn:Table name="Delegate PCV's">
            <urn:Row defaultRow="false">
                <urn:Field name="Delegate PCV">ADForm</urn:Field>
            </urn:Row>
        </urn:Table>
        <urn:Table name="Member Of Groups"/>
        <urn:Table name="Bypass Member Of Groups"/>
        <urn:Table name="Multiple attributes mapping rules"/>
        <urn:Table name="User specific groups to Radius Client"/>
    </urn:Tables>
    <urn:ExtendedContractAttributes/>
</urn:PluginConfiguration>